striker,bowler,balls,runs,dismissals,sr,dismissal_rate
Abdul Samad,Arshdeep Singh,6,14,0,233.33,0.0
Abdul Samad,Eshan Malinga,8,13,0,162.5,0.0
Abdul Samad,Kuldeep Yadav,6,5,0,83.33,0.0
Abdul Samad,Marco Jansen,6,9,0,150.0,0.0
Abdul Samad,Natarajan,9,20,1,222.22,11.11
Abdul Samad,Rashid Khan,9,4,0,44.44,0.0
Abhishek Sharma,Arshdeep Singh,13,34,0,261.54,0.0
Abhishek Sharma,Bhuvneshwar Kumar,10,17,0,170.0,0.0
Abhishek Sharma,Brijesh Sharma,6,13,0,216.67,0.0
Abhishek Sharma,Jasprit Bumrah,7,14,0,200.0,0.0
Abhishek Sharma,Lungi Ngidi,17,22,0,129.41,0.0
Abhishek Sharma,Marco Jansen,6,21,0,350.0,0.0
Abhishek Sharma,Matthew Short,10,33,0,330.0,0.0
Abhishek Sharma,Mukesh Choudhary,13,25,0,192.31,0.0
Abhishek Sharma,Mukesh Kumar,11,23,0,209.09,0.0
Abhishek Sharma,Nandre Burger,12,22,0,183.33,0.0
Abhishek Sharma,Natarajan,15,24,0,160.0,0.0
Abhishek Sharma,Nitish Rana,15,43,1,286.67,6.67
Abhishek Sharma,Noor Ahmad,8,9,0,112.5,0.0
Abhishek Sharma,Sunil Narine,14,23,0,164.29,0.0
Abhishek Sharma,Varun Chakaravarthy,6,24,0,400.0,0.0
Abhishek Sharma,Vijaykumar Vyshak,6,24,0,400.0,0.0
Abhishek Sharma,Xavier Bartlett,7,16,0,228.57,0.0
Abishek Porel,Brijesh Sharma,9,19,1,211.11,11.11
Abishek Porel,Dasun Shanaka,6,9,0,150.0,0.0
Abishek Porel,Jofra Archer,7,12,0,171.43,0.0
Abishek Porel,Josh Hazlewood,8,5,1,62.5,12.5
Abishek Porel,Krunal Pandya,8,6,0,75.0,0.0
Abishek Porel,Saurabh Dubey,7,0,1,0.0,14.29
Abishek Porel,Suyash Sharma,6,3,0,50.0,0.0
Aiden Markram,Anukul Roy,10,11,0,110.0,0.0
Aiden Markram,Axar Patel,6,11,1,183.33,16.67
Aiden Markram,Harsh Dubey,8,7,0,87.5,0.0
Aiden Markram,Jaydev Unadkat,9,21,0,233.33,0.0
Aiden Markram,Mohammed Siraj,8,4,0,50.0,0.0
Aiden Markram,Raghu Sharma,10,16,0,160.0,0.0
Aiden Markram,Sunil Narine,7,5,1,71.43,14.29
Aiden Markram,Vaibhav Arora,10,8,1,80.0,10.0
Aiden Markram,Varun Chakaravarthy,6,9,0,150.0,0.0
Aiden Markram,Xavier Bartlett,7,23,0,328.57,0.0
Ajinkya Rahane,AM Ghazanfar,9,14,0,155.56,0.0
Ajinkya Rahane,Abhishek Sharma,9,13,0,144.44,0.0
Ajinkya Rahane,Auqib Nabi,8,18,0,225.0,0.0
Ajinkya Rahane,Axar Patel,15,24,0,160.0,0.0
Ajinkya Rahane,Bhuvneshwar Kumar,7,5,0,71.43,0.0
Ajinkya Rahane,Deepak Chahar,8,7,0,87.5,0.0
Ajinkya Rahane,Digvesh Singh Rathi,11,17,1,154.55,9.09
Ajinkya Rahane,Eshan Malinga,7,9,0,128.57,0.0
Ajinkya Rahane,Harshal Patel,6,8,0,133.33,0.0
Ajinkya Rahane,Jasprit Bumrah,14,19,0,135.71,0.0
Ajinkya Rahane,Kagiso Rabada,8,8,0,100.0,0.0
Ajinkya Rahane,Kuldeep Yadav,8,12,1,150.0,12.5
Ajinkya Rahane,Mitchell Starc,11,13,0,118.18,0.0
Ajinkya Rahane,Mohammed Shami,12,14,0,116.67,0.0
Ajinkya Rahane,Mohammed Siraj,7,6,2,85.71,28.57
Ajinkya Rahane,Noor Ahmad,6,6,1,100.0,16.67
Ajinkya Rahane,Sakib Hussain,6,3,1,50.0,16.67
Ajinkya Rahane,Shardul Thakur,6,10,1,166.67,16.67
Ajinkya Rahane,Shivang Kumar,8,9,0,112.5,0.0
Ajinkya Rahane,Trent Boult,11,13,0,118.18,0.0
Akshat Raghuwanshi,Akeal Hosein,8,7,1,87.5,12.5
Angkrish Raghuvanshi,Abhishek Sharma,7,14,0,200.0,0.0
Angkrish Raghuvanshi,Akeal Hosein,11,15,1,136.36,9.09
Angkrish Raghuvanshi,Avesh Khan,9,22,0,244.44,0.0
Angkrish Raghuvanshi,Bhuvneshwar Kumar,6,6,0,100.0,0.0
Angkrish Raghuvanshi,Eshan Malinga,15,25,1,166.67,6.67
Angkrish Raghuvanshi,Harsh Dubey,6,7,0,116.67,0.0
Angkrish Raghuvanshi,Harshal Patel,6,8,0,133.33,0.0
Angkrish Raghuvanshi,Jacob Duffy,9,18,0,200.0,0.0
Angkrish Raghuvanshi,Jason Holder,13,17,0,130.77,0.0
Angkrish Raghuvanshi,Jasprit Bumrah,7,8,0,114.29,0.0
Angkrish Raghuvanshi,Jaydev Unadkat,7,16,0,228.57,0.0
Angkrish Raghuvanshi,Jofra Archer,7,5,0,71.43,0.0
Angkrish Raghuvanshi,Josh Hazlewood,7,8,0,114.29,0.0
Angkrish Raghuvanshi,Kagiso Rabada,8,12,1,150.0,12.5
Angkrish Raghuvanshi,Krunal Pandya,13,19,0,146.15,0.0
Angkrish Raghuvanshi,Manimaran Siddharth,9,8,1,88.89,11.11
Angkrish Raghuvanshi,Mohammed Shami,8,7,0,87.5,0.0
Angkrish Raghuvanshi,Mohammed Siraj,11,29,0,263.64,0.0
Angkrish Raghuvanshi,Pat Cummins,8,9,0,112.5,0.0
Angkrish Raghuvanshi,Prince Yadav,8,8,1,100.0,12.5
Angkrish Raghuvanshi,Rashid Khan,9,19,0,211.11,0.0
Angkrish Raghuvanshi,Rasikh Salam Dar,11,20,0,181.82,0.0
Angkrish Raghuvanshi,Sai Kishore,7,13,0,185.71,0.0
Angkrish Raghuvanshi,Sakib Hussain,6,5,0,83.33,0.0
Angkrish Raghuvanshi,Shardul Thakur,8,15,0,187.5,0.0
Angkrish Raghuvanshi,Shivang Kumar,19,25,1,131.58,5.26
Angkrish Raghuvanshi,Trent Boult,8,14,0,175.0,0.0
Aniket Verma,Romario Shepherd,8,24,1,300.0,12.5
Aniket Verma,Varun Chakaravarthy,6,5,1,83.33,16.67
Anukul Roy,Jofra Archer,6,11,0,183.33,0.0
Arshin Kulkarni,Bhuvneshwar Kumar,9,7,0,77.78,0.0
Arshin Kulkarni,Krunal Pandya,7,2,1,28.57,14.29
Arshin Kulkarni,Suyash Sharma,7,8,0,114.29,0.0
Ashutosh Sharma,Brijesh Sharma,9,20,0,222.22,0.0
Ashutosh Sharma,Eshan Malinga,6,7,1,116.67,16.67
Ashutosh Sharma,Kartik Tyagi,13,19,1,146.15,7.69
Ashutosh Sharma,Sunil Narine,6,1,0,16.67,0.0
Ashutosh Sharma,Varun Chakaravarthy,8,17,0,212.5,0.0
Axar Patel,Ben Dwarshuis,7,17,1,242.86,14.29
Axar Patel,Bhuvneshwar Kumar,6,2,1,33.33,16.67
Axar Patel,Gurjapneet Singh,6,2,2,33.33,33.33
Axar Patel,Kartik Tyagi,11,14,0,127.27,0.0
Axar Patel,Krunal Pandya,7,9,0,128.57,0.0
Axar Patel,Marco Jansen,11,21,0,190.91,0.0
Axar Patel,Marcus Stoinis,8,14,1,175.0,12.5
Axar Patel,Sunil Narine,13,7,0,53.85,0.0
Axar Patel,Varun Chakaravarthy,13,18,1,138.46,7.69
Ayush Badoni,Anukul Roy,11,22,1,200.0,9.09
Ayush Badoni,Arshdeep Singh,7,8,0,114.29,0.0
Ayush Badoni,Azmatullah Omarzai,9,24,0,266.67,0.0
Ayush Badoni,Kartik Tyagi,10,18,0,180.0,0.0
Ayush Badoni,Krunal Pandya,8,12,0,150.0,0.0
Ayush Badoni,Marco Jansen,11,28,0,254.55,0.0
Ayush Badoni,Navdeep Saini,6,15,0,250.0,0.0
Ayush Badoni,Sunil Narine,18,12,0,66.67,0.0
Ayush Badoni,Suyash Sharma,11,17,0,154.55,0.0
Ayush Mhatre,Anukul Roy,6,6,0,100.0,0.0
Ayush Mhatre,Axar Patel,9,13,0,144.44,0.0
Ayush Mhatre,Kuldeep Yadav,6,14,0,233.33,0.0
Ayush Mhatre,Lungi Ngidi,9,14,0,155.56,0.0
Ayush Mhatre,Marco Jansen,10,14,0,140.0,0.0
Ayush Mhatre,Natarajan,7,15,0,214.29,0.0
Ayush Mhatre,Praful Hinge,6,22,0,366.67,0.0
Ayush Mhatre,Vaibhav Arora,6,12,1,200.0,16.67
Ayush Mhatre,Vijaykumar Vyshak,10,18,1,180.0,10.0
Ayush Mhatre,Yuzvendra Chahal,9,8,0,88.89,0.0
Azmatullah Omarzai,Josh Hazlewood,7,7,0,100.0,0.0
Azmatullah Omarzai,Shardul Thakur,6,11,0,183.33,0.0
Cameron Green,AM Ghazanfar,9,6,0,66.67,0.0
Cameron Green,Ashok Sharma,11,21,0,190.91,0.0
Cameron Green,Axar Patel,9,11,0,122.22,0.0
Cameron Green,Digvesh Singh Rathi,13,8,0,61.54,0.0
Cameron Green,Kagiso Rabada,9,9,0,100.0,0.0
Cameron Green,Krunal Pandya,9,16,0,177.78,0.0
Cameron Green,Kuldeep Yadav,6,10,1,166.67,16.67
Cameron Green,Lungi Ngidi,7,5,0,71.43,0.0
Cameron Green,Mohammed Siraj,8,6,0,75.0,0.0
Cameron Green,Mohsin Khan,6,9,1,150.0,16.67
Cameron Green,Nandre Burger,7,18,0,257.14,0.0
Cameron Green,Prasidh Krishna,13,18,0,138.46,0.0
Cameron Green,Prince Yadav,8,15,0,187.5,0.0
Cameron Green,Rashid Khan,29,54,1,186.21,3.45
Cameron Green,Rasikh Salam Dar,8,8,1,100.0,12.5
Cameron Green,Sai Kishore,8,18,0,225.0,0.0
Cooper Connolly,AM Ghazanfar,7,6,1,85.71,14.29
Cooper Connolly,Eshan Malinga,15,26,0,173.33,0.0
Cooper Connolly,Harsh Dubey,10,26,0,260.0,0.0
Cooper Connolly,Josh Hazlewood,6,11,0,183.33,0.0
Cooper Connolly,Kagiso Rabada,9,19,0,211.11,0.0
Cooper Connolly,Kuldeep Yadav,6,8,1,133.33,16.67
Cooper Connolly,Lungi Ngidi,6,13,0,216.67,0.0
Cooper Connolly,Madhav Tiwari,6,7,1,116.67,16.67
Cooper Connolly,Mitchell Starc,9,13,0,144.44,0.0
Cooper Connolly,Mohammed Shami,17,34,1,200.0,5.88
Cooper Connolly,Mohsin Khan,9,6,0,66.67,0.0
Cooper Connolly,Mukesh Kumar,6,5,0,83.33,0.0
Cooper Connolly,Nitish Reddy,6,5,0,83.33,0.0
Cooper Connolly,Noor Ahmad,9,15,0,166.67,0.0
Cooper Connolly,Pat Cummins,12,21,0,175.0,0.0
Cooper Connolly,Prasidh Krishna,6,8,0,133.33,0.0
Cooper Connolly,Prince Yadav,15,20,1,133.33,6.67
Cooper Connolly,Raghu Sharma,6,8,0,133.33,0.0
Cooper Connolly,Rahul Chahar,7,12,0,171.43,0.0
Cooper Connolly,Rashid Khan,12,22,0,183.33,0.0
Cooper Connolly,Rasikh Salam Dar,6,11,0,183.33,0.0
Cooper Connolly,Sakib Hussain,12,17,0,141.67,0.0
Cooper Connolly,Shivang Kumar,16,23,1,143.75,6.25
Cooper Connolly,Washington Sundar,8,8,0,100.0,0.0
Cooper Connolly,Will Jacks,6,8,0,133.33,0.0
Corbin Bosch,Kartik Tyagi,9,26,0,288.89,0.0
Dasun Shanaka,Jason Holder,9,3,2,33.33,22.22
Dasun Shanaka,Raghu Sharma,7,10,0,142.86,0.0
David Miller,Ben Dwarshuis,10,21,1,210.0,10.0
David Miller,Bhuvneshwar Kumar,8,4,0,50.0,0.0
David Miller,Jasprit Bumrah,8,9,0,112.5,0.0
David Miller,Marco Jansen,9,17,0,188.89,0.0
David Miller,Prasidh Krishna,7,13,1,185.71,14.29
David Miller,Rasikh Salam Dar,10,16,1,160.0,10.0
David Miller,Romario Shepherd,6,17,0,283.33,0.0
David Miller,Saurabh Dubey,7,14,1,200.0,14.29
Devdutt Padikkal,Axar Patel,6,9,1,150.0,16.67
Devdutt Padikkal,Deepak Chahar,8,10,1,125.0,12.5
Devdutt Padikkal,Digvesh Singh Rathi,10,13,0,130.0,0.0
Devdutt Padikkal,Eshan Malinga,7,17,1,242.86,14.29
Devdutt Padikkal,Harpreet Brar,9,12,1,133.33,11.11
Devdutt Padikkal,Harsh Dubey,7,17,1,242.86,14.29
Devdutt Padikkal,Harshal Patel,6,7,0,116.67,0.0
Devdutt Padikkal,Jason Holder,20,25,1,125.0,5.0
Devdutt Padikkal,Kagiso Rabada,13,34,1,261.54,7.69
Devdutt Padikkal,Kartik Tyagi,7,8,1,114.29,14.29
Devdutt Padikkal,Kyle Jamieson,6,21,0,350.0,0.0
Devdutt Padikkal,Mohammed Shami,7,7,0,100.0,0.0
Devdutt Padikkal,Mohammed Siraj,20,29,0,145.0,0.0
Devdutt Padikkal,Noor Ahmad,10,12,0,120.0,0.0
Devdutt Padikkal,Prince Yadav,10,19,1,190.0,10.0
Devdutt Padikkal,Rashid Khan,15,19,2,126.67,13.33
Devdutt Padikkal,Sakib Hussain,7,7,0,100.0,0.0
Devdutt Padikkal,Shivam Dube,6,20,0,333.33,0.0
Devdutt Padikkal,Sunil Narine,9,11,0,122.22,0.0
Dewald Brevis,Digvesh Singh Rathi,7,5,1,71.43,14.29
Dewald Brevis,Eshan Malinga,8,9,1,112.5,12.5
Dewald Brevis,Kartik Tyagi,6,3,1,50.0,16.67
Dewald Brevis,Pat Cummins,6,13,0,216.67,0.0
Dewald Brevis,Prince Yadav,6,3,0,50.0,0.0
Dewald Brevis,Sakib Hussain,8,9,0,112.5,0.0
Dewald Brevis,Shahbaz Ahmed,8,18,0,225.0,0.0
Dewald Brevis,Shivang Kumar,6,2,1,33.33,16.67
Dewald Brevis,Sunil Narine,9,15,0,166.67,0.0
Dewald Brevis,Varun Chakaravarthy,8,11,0,137.5,0.0
Dhruv Jurel,AM Ghazanfar,13,26,1,200.0,7.69
Dhruv Jurel,Abhinandan Singh,11,35,0,318.18,0.0
Dhruv Jurel,Ashok Sharma,11,16,0,145.45,0.0
Dhruv Jurel,Axar Patel,17,24,1,141.18,5.88
Dhruv Jurel,Bhuvneshwar Kumar,7,8,0,114.29,0.0
Dhruv Jurel,Corbin Bosch,6,7,2,116.67,33.33
Dhruv Jurel,Digvesh Singh Rathi,14,18,0,128.57,0.0
Dhruv Jurel,Eshan Malinga,12,21,0,175.0,0.0
Dhruv Jurel,Harpreet Brar,10,5,0,50.0,0.0
Dhruv Jurel,Josh Hazlewood,7,8,0,114.29,0.0
Dhruv Jurel,Kagiso Rabada,8,15,1,187.5,12.5
Dhruv Jurel,Krunal Pandya,8,11,0,137.5,0.0
Dhruv Jurel,Kuldeep Yadav,6,6,0,100.0,0.0
Dhruv Jurel,Kyle Jamieson,8,10,0,125.0,0.0
Dhruv Jurel,Lungi Ngidi,9,3,1,33.33,11.11
Dhruv Jurel,Madhav Tiwari,11,15,0,136.36,0.0
Dhruv Jurel,Mitchell Starc,10,13,0,130.0,0.0
Dhruv Jurel,Mohammed Siraj,14,37,1,264.29,7.14
Dhruv Jurel,Mohsin Khan,6,4,0,66.67,0.0
Dhruv Jurel,Nitish Reddy,6,13,1,216.67,16.67
Dhruv Jurel,Pat Cummins,15,27,0,180.0,0.0
Dhruv Jurel,Praful Hinge,8,13,2,162.5,25.0
Dhruv Jurel,Prasidh Krishna,7,12,0,171.43,0.0
Dhruv Jurel,Prince Yadav,10,12,1,120.0,10.0
Dhruv Jurel,Rashid Khan,16,24,1,150.0,6.25
Dhruv Jurel,Romario Shepherd,8,14,0,175.0,0.0
Dhruv Jurel,Sakib Hussain,6,7,0,116.67,0.0
Dhruv Jurel,Shivang Kumar,10,19,0,190.0,0.0
Dhruv Jurel,Yuzvendra Chahal,6,3,1,50.0,16.67
Donovan Ferreira,Arshdeep Singh,8,20,0,250.0,0.0
Donovan Ferreira,Digvesh Singh Rathi,8,6,0,75.0,0.0
Donovan Ferreira,Eshan Malinga,8,8,1,100.0,12.5
Donovan Ferreira,Harsh Dubey,8,16,0,200.0,0.0
Donovan Ferreira,Lockie Ferguson,9,16,0,177.78,0.0
Donovan Ferreira,Marco Jansen,6,13,0,216.67,0.0
Donovan Ferreira,Mayank Yadav,8,15,0,187.5,0.0
Donovan Ferreira,Mitchell Starc,6,12,1,200.0,16.67
Donovan Ferreira,Nitish Reddy,10,14,1,140.0,10.0
Donovan Ferreira,Praful Hinge,13,19,0,146.15,0.0
Donovan Ferreira,Prince Yadav,6,2,1,33.33,16.67
Donovan Ferreira,Rashid Khan,7,30,1,428.57,14.29
Donovan Ferreira,Sakib Hussain,14,29,1,207.14,7.14
Donovan Ferreira,Shivang Kumar,12,24,0,200.0,0.0
Donovan Ferreira,Sunil Narine,6,6,1,100.0,16.67
Finn Allen,Arshad Khan,6,22,0,366.67,0.0
Finn Allen,Axar Patel,9,10,0,111.11,0.0
Finn Allen,Hardik Pandya,9,16,0,177.78,0.0
Finn Allen,Jacob Duffy,6,14,0,233.33,0.0
Finn Allen,Jason Holder,7,16,0,228.57,0.0
Finn Allen,Kagiso Rabada,6,15,0,250.0,0.0
Finn Allen,Kuldeep Yadav,14,32,0,228.57,0.0
Finn Allen,Lungi Ngidi,8,3,1,37.5,12.5
Finn Allen,Mitchell Starc,16,33,1,206.25,6.25
Finn Allen,Mohammed Siraj,9,16,0,177.78,0.0
Finn Allen,Pat Cummins,11,27,1,245.45,9.09
Finn Allen,Vipraj Nigam,8,31,0,387.5,0.0
Glenn Phillips,Yuzvendra Chahal,6,13,0,216.67,0.0
Hardik Pandya,Jamie Overton,10,5,0,50.0,0.0
Hardik Pandya,Kartik Tyagi,8,4,0,50.0,0.0
Hardik Pandya,Noor Ahmad,6,2,1,33.33,16.67
Hardik Pandya,Sunil Narine,8,9,1,112.5,12.5
Hardik Pandya,Suyash Sharma,9,22,0,244.44,0.0
Hardik Pandya,Varun Chakaravarthy,8,11,0,137.5,0.0
Heinrich Klaasen,AM Ghazanfar,9,26,0,288.89,0.0
Heinrich Klaasen,Akeal Hosein,8,12,0,150.0,0.0
Heinrich Klaasen,Anukul Roy,7,8,0,114.29,0.0
Heinrich Klaasen,Arshdeep Singh,8,9,0,112.5,0.0
Heinrich Klaasen,Avesh Khan,13,25,1,192.31,7.69
Heinrich Klaasen,Blessing Muzarabani,8,13,1,162.5,12.5
Heinrich Klaasen,Brijesh Sharma,11,11,1,100.0,9.09
Heinrich Klaasen,Gurjapneet Singh,11,14,0,127.27,0.0
Heinrich Klaasen,Hardik Pandya,7,6,0,85.71,0.0
Heinrich Klaasen,Jacob Duffy,7,6,0,85.71,0.0
Heinrich Klaasen,Jamie Overton,13,21,0,161.54,0.0
Heinrich Klaasen,Jason Holder,7,6,1,85.71,14.29
Heinrich Klaasen,Jofra Archer,7,11,0,157.14,0.0
Heinrich Klaasen,Kagiso Rabada,8,7,0,87.5,0.0
Heinrich Klaasen,Kartik Tyagi,6,10,0,166.67,0.0
Heinrich Klaasen,Krunal Pandya,11,12,1,109.09,9.09
Heinrich Klaasen,Lockie Ferguson,7,6,0,85.71,0.0
Heinrich Klaasen,Manimaran Siddharth,12,14,0,116.67,0.0
Heinrich Klaasen,Marco Jansen,16,30,0,187.5,0.0
Heinrich Klaasen,Nandre Burger,9,8,0,88.89,0.0
Heinrich Klaasen,Noor Ahmad,24,46,1,191.67,4.17
Heinrich Klaasen,Prince Yadav,10,16,0,160.0,0.0
Heinrich Klaasen,Ravi Bishnoi,13,26,0,200.0,0.0
Heinrich Klaasen,Romario Shepherd,9,14,1,155.56,11.11
Heinrich Klaasen,Sunil Narine,11,16,0,145.45,0.0
Heinrich Klaasen,Suyash Sharma,7,10,0,142.86,0.0
Heinrich Klaasen,Tushar Deshpande,6,12,1,200.0,16.67
Heinrich Klaasen,Vijaykumar Vyshak,17,28,1,164.71,5.88
Heinrich Klaasen,Xavier Bartlett,7,7,1,100.0,14.29
Heinrich Klaasen,Yuzvendra Chahal,17,22,0,129.41,0.0
Himmat Singh,Deepak Chahar,8,10,0,125.0,0.0
Himmat Singh,Jasprit Bumrah,10,8,0,80.0,0.0
Himmat Singh,Kartik Tyagi,6,13,1,216.67,16.67
Himmat Singh,Raghu Sharma,10,11,0,110.0,0.0
Himmat Singh,Ravindra Jadeja,6,9,0,150.0,0.0
Ishan Kishan,Abhinandan Singh,13,30,1,230.77,7.69
Ishan Kishan,Akeal Hosein,7,6,0,85.71,0.0
Ishan Kishan,Anshul Kamboj,14,27,1,192.86,7.14
Ishan Kishan,Arshdeep Singh,7,10,2,142.86,28.57
Ishan Kishan,Bhuvneshwar Kumar,7,16,0,228.57,0.0
Ishan Kishan,Brijesh Sharma,6,16,0,266.67,0.0
Ishan Kishan,Cameron Green,6,5,0,83.33,0.0
Ishan Kishan,Jofra Archer,32,74,2,231.25,6.25
Ishan Kishan,Josh Hazlewood,7,9,0,128.57,0.0
Ishan Kishan,Kartik Tyagi,15,27,0,180.0,0.0
Ishan Kishan,Krunal Pandya,10,24,1,240.0,10.0
Ishan Kishan,Lockie Ferguson,9,13,0,144.44,0.0
Ishan Kishan,Marco Jansen,7,11,0,157.14,0.0
Ishan Kishan,Mukesh Choudhary,10,13,1,130.0,10.0
Ishan Kishan,Rasikh Salam Dar,11,22,1,200.0,9.09
Ishan Kishan,Ravi Bishnoi,11,25,0,227.27,0.0
Ishan Kishan,Romario Shepherd,13,21,0,161.54,0.0
Ishan Kishan,Sandeep Sharma,9,19,1,211.11,11.11
Ishan Kishan,Shashank Singh,6,7,0,116.67,0.0
Ishan Kishan,Spencer Johnson,10,18,0,180.0,0.0
Ishan Kishan,Suyash Sharma,20,34,0,170.0,0.0
Ishan Kishan,Tushar Deshpande,15,34,0,226.67,0.0
Ishan Kishan,Varun Chakaravarthy,8,13,0,162.5,0.0
Ishan Kishan,Vijaykumar Vyshak,12,34,0,283.33,0.0
Ishan Kishan,Yuzvendra Chahal,8,7,0,87.5,0.0
Jacob Bethell,Jasprit Bumrah,7,4,0,57.14,0.0
Jacob Bethell,Kyle Jamieson,10,19,1,190.0,10.0
Jacob Bethell,Mohammed Siraj,12,14,2,116.67,16.67
Jacob Bethell,Saurabh Dubey,10,15,0,150.0,0.0
Jamie Overton,Ashwani Kumar,6,14,1,233.33,16.67
Jamie Overton,Eshan Malinga,6,10,0,166.67,0.0
Jamie Overton,Jofra Archer,7,8,0,114.29,0.0
Jamie Overton,Nandre Burger,9,5,0,55.56,0.0
Jamie Overton,Ravindra Jadeja,7,10,0,142.86,0.0
Jamie Overton,Sandeep Sharma,7,15,1,214.29,14.29
Jamie Overton,Suyash Sharma,7,9,1,128.57,14.29
Jason Holder,Josh Hazlewood,6,10,0,166.67,0.0
Jason Holder,Romario Shepherd,6,10,0,166.67,0.0
Jitesh Sharma,Arshad Khan,7,4,0,57.14,0.0
Jitesh Sharma,Corbin Bosch,7,6,1,85.71,14.29
Jitesh Sharma,Jasprit Bumrah,7,11,0,157.14,0.0
Jitesh Sharma,Lungi Ngidi,6,7,1,116.67,16.67
Jitesh Sharma,Prasidh Krishna,7,11,0,157.14,0.0
Jitesh Sharma,Rashid Khan,8,8,1,100.0,12.5
Jofra Archer,Jason Holder,7,5,1,71.43,14.29
Jofra Archer,Shardul Thakur,6,12,1,200.0,16.67
Jos Buttler,Akeal Hosein,7,11,0,157.14,0.0
Jos Buttler,Avesh Khan,7,19,0,271.43,0.0
Jos Buttler,Axar Patel,8,16,0,200.0,0.0
Jos Buttler,Bhuvneshwar Kumar,17,21,2,123.53,11.76
Jos Buttler,Digvesh Singh Rathi,12,20,0,166.67,0.0
Jos Buttler,George Linde,12,16,0,133.33,0.0
Jos Buttler,Gurjapneet Singh,7,10,0,142.86,0.0
Jos Buttler,Jacob Duffy,8,14,0,175.0,0.0
Jos Buttler,Josh Hazlewood,17,37,1,217.65,5.88
Jos Buttler,Kartik Tyagi,14,29,0,207.14,0.0
Jos Buttler,Krunal Pandya,11,8,1,72.73,9.09
Jos Buttler,Lungi Ngidi,6,5,0,83.33,0.0
Jos Buttler,Marco Jansen,15,15,0,100.0,0.0
Jos Buttler,Mukesh Choudhary,6,13,0,216.67,0.0
Jos Buttler,Mukesh Kumar,11,30,0,272.73,0.0
Jos Buttler,Noor Ahmad,14,25,0,178.57,0.0
Jos Buttler,Ravindra Jadeja,8,9,1,112.5,12.5
Jos Buttler,Spencer Johnson,9,13,0,144.44,0.0
Jos Buttler,Sunil Narine,11,19,0,172.73,0.0
Jos Buttler,Suyash Sharma,13,29,0,223.08,0.0
Jos Buttler,Tushar Deshpande,6,15,0,250.0,0.0
Jos Buttler,Varun Chakaravarthy,14,24,1,171.43,7.14
Jos Buttler,Vijaykumar Vyshak,10,15,1,150.0,10.0
Jos Buttler,Xavier Bartlett,12,23,0,191.67,0.0
Jos Buttler,Yuzvendra Chahal,9,4,1,44.44,11.11
Josh Inglis,Akeal Hosein,9,33,0,366.67,0.0
Josh Inglis,Anshul Kamboj,10,23,0,230.0,0.0
Josh Inglis,Arshdeep Singh,11,33,0,300.0,0.0
Josh Inglis,Gurjapneet Singh,6,7,0,116.67,0.0
Josh Inglis,Jofra Archer,6,9,0,150.0,0.0
Josh Inglis,Mukesh Choudhary,12,25,1,208.33,8.33
Josh Inglis,Noor Ahmad,15,13,0,86.67,0.0
Josh Inglis,Sandeep Sharma,10,29,0,290.0,0.0
Josh Inglis,Shashank Singh,11,14,1,127.27,9.09
Josh Inglis,Spencer Johnson,10,14,0,140.0,0.0
Josh Inglis,Sushant Mishra,6,11,0,183.33,0.0
Josh Inglis,Vijaykumar Vyshak,7,13,0,185.71,0.0
Josh Inglis,Yuzvendra Chahal,7,7,0,100.0,0.0
Kagiso Rabada,Ashwani Kumar,9,10,0,111.11,0.0
Kagiso Rabada,Jofra Archer,7,9,0,128.57,0.0
Kartik Sharma,AM Ghazanfar,17,25,0,147.06,0.0
Kartik Sharma,Arshad Khan,8,10,1,125.0,12.5
Kartik Sharma,Axar Patel,6,6,0,100.0,0.0
Kartik Sharma,Hardik Pandya,7,11,0,157.14,0.0
Kartik Sharma,Kagiso Rabada,9,18,1,200.0,11.11
Kartik Sharma,Kuldeep Yadav,9,9,0,100.0,0.0
Kartik Sharma,Mayank Yadav,14,13,0,92.86,0.0
Kartik Sharma,Mitchell Santner,8,15,0,187.5,0.0
Kartik Sharma,Mohammed Shami,8,15,0,187.5,0.0
Kartik Sharma,Mohammed Siraj,7,6,0,85.71,0.0
Kartik Sharma,Natarajan,7,12,0,171.43,0.0
Kartik Sharma,Prince Yadav,6,19,0,316.67,0.0
Kartik Sharma,Raghu Sharma,12,10,0,83.33,0.0
Kartik Sharma,Ravi Bishnoi,8,12,0,150.0,0.0
Kartik Sharma,Shahbaz Ahmed,21,36,1,171.43,4.76
Kartik Sharma,Shivang Kumar,6,11,0,183.33,0.0
Krish Bhagat,Jamie Overton,6,1,1,16.67,16.67
Krunal Pandya,AM Ghazanfar,13,28,1,215.38,7.69
Krunal Pandya,Corbin Bosch,11,18,0,163.64,0.0
Krunal Pandya,Harshal Patel,10,12,0,120.0,0.0
Krunal Pandya,Jason Holder,9,13,0,144.44,0.0
Krunal Pandya,Kulwant Khejroliya,8,11,0,137.5,0.0
Krunal Pandya,Manav Suthar,7,16,0,228.57,0.0
Krunal Pandya,Pat Cummins,7,7,0,100.0,0.0
Krunal Pandya,Prasidh Krishna,7,16,0,228.57,0.0
Krunal Pandya,Raj Bawa,7,13,0,185.71,0.0
Krunal Pandya,Rashid Khan,11,10,1,90.91,9.09
Krunal Pandya,Shahbaz Ahmed,7,6,0,85.71,0.0
Krunal Pandya,Will Jacks,7,8,0,114.29,0.0
Kuldeep Yadav,Suyash Sharma,8,0,1,0.0,12.5
Kumar Kushagra,Sandeep Sharma,6,11,0,183.33,0.0
Kyle Jamieson,Suyash Sharma,7,1,0,14.29,0.0
Liam Livingstone,Mohammed Shami,11,5,0,45.45,0.0
Manish Pandey,AM Ghazanfar,6,6,0,100.0,0.0
Manish Pandey,Hardik Pandya,6,11,0,183.33,0.0
Manish Pandey,Jasprit Bumrah,7,6,1,85.71,14.29
Manish Pandey,Lungi Ngidi,6,5,1,83.33,16.67
Marco Jansen,Sakib Hussain,6,4,0,66.67,0.0
Marcus Stoinis,Brijesh Sharma,7,25,0,357.14,0.0
Marcus Stoinis,Jason Holder,10,15,1,150.0,10.0
Marcus Stoinis,Krunal Pandya,9,11,0,122.22,0.0
Marcus Stoinis,Rashid Khan,12,12,0,100.0,0.0
Marcus Stoinis,Sakib Hussain,6,16,0,266.67,0.0
Matthew Short,Kagiso Rabada,11,19,1,172.73,9.09
Matthew Short,Nitish Reddy,6,3,0,50.0,0.0
Matthew Short,Sakib Hussain,7,7,0,100.0,0.0
Matthew Short,Shivang Kumar,7,4,0,57.14,0.0
Mitchell Marsh,Anshul Kamboj,13,39,1,300.0,7.69
Mitchell Marsh,Anukul Roy,8,11,0,137.5,0.0
Mitchell Marsh,Bhuvneshwar Kumar,15,24,0,160.0,0.0
Mitchell Marsh,Brijesh Sharma,20,31,0,155.0,0.0
Mitchell Marsh,Deepak Chahar,7,12,0,171.43,0.0
Mitchell Marsh,Gurjapneet Singh,6,17,0,283.33,0.0
Mitchell Marsh,Jasprit Bumrah,9,21,0,233.33,0.0
Mitchell Marsh,Jofra Archer,19,35,2,184.21,10.53
Mitchell Marsh,Josh Hazlewood,24,31,1,129.17,4.17
Mitchell Marsh,Krunal Pandya,21,39,1,185.71,4.76
Mitchell Marsh,Lungi Ngidi,7,16,0,228.57,0.0
Mitchell Marsh,Mukesh Choudhary,10,15,0,150.0,0.0
Mitchell Marsh,Mukesh Kumar,9,9,1,100.0,11.11
Mitchell Marsh,Nandre Burger,13,19,1,146.15,7.69
Mitchell Marsh,Noor Ahmad,8,12,0,150.0,0.0
Mitchell Marsh,Rasikh Salam Dar,13,22,0,169.23,0.0
Mitchell Marsh,Ravi Bishnoi,7,10,0,142.86,0.0
Mitchell Marsh,Ravindra Jadeja,10,12,0,120.0,0.0
Mitchell Marsh,Romario Shepherd,6,16,0,266.67,0.0
Mitchell Marsh,Sandeep Sharma,6,9,0,150.0,0.0
Mitchell Marsh,Spencer Johnson,8,15,0,187.5,0.0
Mitchell Marsh,Sushant Mishra,10,15,0,150.0,0.0
Mitchell Marsh,Suyash Sharma,9,19,0,211.11,0.0
Mitchell Marsh,Vijaykumar Vyshak,6,5,0,83.33,0.0
Mitchell Marsh,Xavier Bartlett,7,12,0,171.43,0.0
Mitchell Marsh,Yash Raj Punja,8,12,0,150.0,0.0
Mitchell Marsh,Yuzvendra Chahal,6,10,1,166.67,16.67
Mohammed Siraj,Krunal Pandya,10,5,1,50.0,10.0
Mukul Choudhary,Cameron Green,6,16,0,266.67,0.0
Mukul Choudhary,Krunal Pandya,8,12,0,150.0,0.0
Mukul Choudhary,Marco Jansen,8,5,1,62.5,12.5
Mukul Choudhary,Suyash Sharma,9,11,0,122.22,0.0
Mukul Choudhary,Vaibhav Arora,10,23,0,230.0,0.0
Naman Dhir,Anshul Kamboj,6,11,0,183.33,0.0
Naman Dhir,Ashok Sharma,6,8,0,133.33,0.0
Naman Dhir,Jamie Overton,6,13,1,216.67,16.67
Naman Dhir,Krunal Pandya,7,7,0,100.0,0.0
Naman Dhir,Marco Jansen,7,6,1,85.71,14.29
Naman Dhir,Mohammed Siraj,8,9,0,112.5,0.0
Naman Dhir,Natarajan,11,14,1,127.27,9.09
Naman Dhir,Noor Ahmad,9,7,0,77.78,0.0
Naman Dhir,Ramakrishna Ghosh,8,12,0,150.0,0.0
Naman Dhir,Rashid Khan,9,8,0,88.89,0.0
Naman Dhir,Rasikh Salam Dar,6,13,2,216.67,33.33
Naman Dhir,Romario Shepherd,6,10,0,166.67,0.0
Naman Dhir,Sandeep Sharma,6,14,0,233.33,0.0
Naman Dhir,Vijaykumar Vyshak,7,16,0,228.57,0.0
Naman Dhir,Xavier Bartlett,7,10,0,142.86,0.0
Naman Dhir,Yuzvendra Chahal,7,16,0,228.57,0.0
Nehal Wadhera,Shivang Kumar,6,9,0,150.0,0.0
Nicholas Pooran,Anshul Kamboj,6,25,0,416.67,0.0
Nicholas Pooran,Bhuvneshwar Kumar,9,17,0,188.89,0.0
Nicholas Pooran,Cameron Green,7,9,0,128.57,0.0
Nicholas Pooran,Jofra Archer,7,4,0,57.14,0.0
Nicholas Pooran,Josh Hazlewood,6,3,1,50.0,16.67
Nicholas Pooran,Navdeep Saini,6,4,0,66.67,0.0
Nicholas Pooran,Noor Ahmad,6,1,1,16.67,16.67
Nicholas Pooran,Rashid Khan,12,18,0,150.0,0.0
Nicholas Pooran,Rasikh Salam Dar,13,18,1,138.46,7.69
Nicholas Pooran,Ravindra Jadeja,7,6,1,85.71,14.29
Nicholas Pooran,Sunil Narine,6,2,1,33.33,16.67
Nicholas Pooran,Yash Raj Punja,6,9,1,150.0,16.67
Nishant Sindhu,Josh Hazlewood,6,10,0,166.67,0.0
Nishant Sindhu,Rasikh Salam Dar,10,8,2,80.0,20.0
Nishant Sindhu,Vijaykumar Vyshak,6,11,0,183.33,0.0
Nitish Rana,Dilshan Madushanka,9,10,0,111.11,0.0
Nitish Rana,Josh Hazlewood,7,0,1,0.0,14.29
Nitish Rana,Marco Jansen,12,18,0,150.0,0.0
Nitish Rana,Mohammed Shami,11,10,0,90.91,0.0
Nitish Rana,Nitish Reddy,6,16,0,266.67,0.0
Nitish Rana,Ravindra Jadeja,6,13,0,216.67,0.0
Nitish Rana,Sakib Hussain,8,13,0,162.5,0.0
Nitish Rana,Vijaykumar Vyshak,6,10,0,166.67,0.0
Nitish Rana,Xavier Bartlett,12,44,1,366.67,8.33
Nitish Rana,Yuzvendra Chahal,11,16,0,145.45,0.0
Nitish Reddy,Bhuvneshwar Kumar,7,3,0,42.86,0.0
Nitish Reddy,Brijesh Sharma,7,10,1,142.86,14.29
Nitish Reddy,Digvesh Singh Rathi,12,32,0,266.67,0.0
Nitish Reddy,Jofra Archer,10,8,1,80.0,10.0
Nitish Reddy,Kartik Tyagi,6,12,0,200.0,0.0
Nitish Reddy,Manimaran Siddharth,8,7,1,87.5,12.5
Nitish Reddy,Nandre Burger,7,15,0,214.29,0.0
Nitish Reddy,Noor Ahmad,6,9,0,150.0,0.0
Nitish Reddy,Sandeep Sharma,7,19,0,271.43,0.0
Nitish Reddy,Yash Raj Punja,7,19,0,271.43,0.0
Pat Cummins,Prasidh Krishna,7,17,1,242.86,14.29
Pathum Nissanka,Akeal Hosein,16,14,0,87.5,0.0
Pathum Nissanka,Anukul Roy,8,16,0,200.0,0.0
Pathum Nissanka,Deepak Chahar,6,6,0,100.0,0.0
Pathum Nissanka,Jasprit Bumrah,7,8,0,114.29,0.0
Pathum Nissanka,Jofra Archer,9,19,0,211.11,0.0
Pathum Nissanka,Khaleel Ahmed,10,24,0,240.0,0.0
Pathum Nissanka,Mitchell Santner,8,11,1,137.5,12.5
Pathum Nissanka,Mukesh Choudhary,8,10,1,125.0,12.5
Pathum Nissanka,Nandre Burger,6,15,0,250.0,0.0
Pathum Nissanka,Rashid Khan,6,5,0,83.33,0.0
Pathum Nissanka,Ravindra Jadeja,7,10,1,142.86,14.29
Pathum Nissanka,Tushar Deshpande,6,10,0,166.67,0.0
Pathum Nissanka,Vaibhav Arora,6,13,0,216.67,0.0
Pathum Nissanka,Varun Chakaravarthy,6,7,0,116.67,0.0
Phil Salt,Anshul Kamboj,7,18,0,257.14,0.0
Phil Salt,Auqib Nabi,12,26,0,216.67,0.0
Phil Salt,Hardik Pandya,9,16,0,177.78,0.0
Phil Salt,Khaleel Ahmed,9,12,0,133.33,0.0
Phil Salt,Kuldeep Yadav,11,19,1,172.73,9.09
Phil Salt,Mitchell Santner,9,25,0,277.78,0.0
Phil Salt,Mukesh Kumar,6,4,0,66.67,0.0
Phil Salt,Nitish Reddy,6,8,0,133.33,0.0
Phil Salt,Trent Boult,7,12,0,171.43,0.0
Prabhsimran Singh,AM Ghazanfar,6,9,0,150.0,0.0
Prabhsimran Singh,Anshul Kamboj,6,12,0,200.0,0.0
Prabhsimran Singh,Arjun Tendulkar,7,13,1,185.71,14.29
Prabhsimran Singh,Auqib Nabi,14,33,0,235.71,0.0
Prabhsimran Singh,Brijesh Sharma,8,8,0,100.0,0.0
Prabhsimran Singh,Corbin Bosch,7,10,0,142.86,0.0
Prabhsimran Singh,Deepak Chahar,13,27,0,207.69,0.0
Prabhsimran Singh,Digvesh Singh Rathi,9,20,0,222.22,0.0
Prabhsimran Singh,Eshan Malinga,9,16,0,177.78,0.0
Prabhsimran Singh,Hardik Pandya,8,22,0,275.0,0.0
Prabhsimran Singh,Jasprit Bumrah,16,21,0,131.25,0.0
Prabhsimran Singh,Jaydev Unadkat,9,25,0,277.78,0.0
Prabhsimran Singh,Jofra Archer,11,14,0,127.27,0.0
Prabhsimran Singh,Kagiso Rabada,15,25,1,166.67,6.67
Prabhsimran Singh,Khaleel Ahmed,12,7,0,58.33,0.0
Prabhsimran Singh,Mohammed Siraj,6,5,0,83.33,0.0
Prabhsimran Singh,Mohsin Khan,11,23,0,209.09,0.0
Prabhsimran Singh,Mukesh Kumar,16,44,1,275.0,6.25
Prabhsimran Singh,Nandre Burger,10,19,0,190.0,0.0
Prabhsimran Singh,Noor Ahmad,8,16,1,200.0,12.5
Prabhsimran Singh,Prince Yadav,8,10,0,125.0,0.0
Prabhsimran Singh,Raghu Sharma,6,14,0,233.33,0.0
Prabhsimran Singh,Rashid Khan,8,2,1,25.0,12.5
Prabhsimran Singh,Ravindra Jadeja,8,9,0,112.5,0.0
Prabhsimran Singh,Shardul Thakur,15,34,1,226.67,6.67
Prabhsimran Singh,Washington Sundar,7,15,0,214.29,0.0
Prabhsimran Singh,Yash Raj Punja,7,9,1,128.57,14.29
Prashant Veer,Avesh Khan,7,10,0,142.86,0.0
Prashant Veer,Krunal Pandya,10,24,0,240.0,0.0
Prashant Veer,Praful Hinge,6,6,1,100.0,16.67
Prashant Veer,Prince Yadav,10,14,0,140.0,0.0
Prashant Veer,Suyash Sharma,12,10,0,83.33,0.0
Priyansh Arya,Auqib Nabi,20,27,0,135.0,0.0
Priyansh Arya,Avesh Khan,7,20,0,285.71,0.0
Priyansh Arya,Axar Patel,7,22,1,314.29,14.29
Priyansh Arya,Deepak Chahar,13,22,1,169.23,7.69
Priyansh Arya,Harsh Dubey,6,18,0,300.0,0.0
Priyansh Arya,Harshal Patel,6,21,0,350.0,0.0
Priyansh Arya,Jasprit Bumrah,11,14,0,127.27,0.0
Priyansh Arya,Matt Henry,6,21,1,350.0,16.67
Priyansh Arya,Mohammed Shami,7,8,1,114.29,14.29
Priyansh Arya,Mohammed Siraj,8,9,1,112.5,12.5
Priyansh Arya,Mohsin Khan,9,34,0,377.78,0.0
Priyansh Arya,Mukesh Kumar,7,15,0,214.29,0.0
Priyansh Arya,Nandre Burger,6,21,0,350.0,0.0
Priyansh Arya,Prince Yadav,6,9,0,150.0,0.0
Quinton de Kock,Arshdeep Singh,6,11,0,183.33,0.0
Quinton de Kock,Kagiso Rabada,6,11,1,183.33,16.67
Quinton de Kock,Marco Jansen,13,16,0,123.08,0.0
Quinton de Kock,Vijaykumar Vyshak,9,15,0,166.67,0.0
Quinton de Kock,Xavier Bartlett,14,26,0,185.71,0.0
Quinton de Kock,Yuzvendra Chahal,13,29,0,223.08,0.0
Rahul,Adam Milne,7,15,0,214.29,0.0
Rahul,Akeal Hosein,11,17,1,154.55,9.09
Rahul,Anshul Kamboj,6,7,0,116.67,0.0
Rahul,Anukul Roy,9,15,1,166.67,11.11
Rahul,Arshdeep Singh,22,48,1,218.18,4.55
Rahul,Ashok Sharma,9,18,0,200.0,0.0
Rahul,Brijesh Sharma,11,13,0,118.18,0.0
Rahul,Dasun Shanaka,8,12,1,150.0,12.5
Rahul,Jofra Archer,12,18,1,150.0,8.33
Rahul,Josh Hazlewood,11,22,1,200.0,9.09
Rahul,Kagiso Rabada,11,18,0,163.64,0.0
Rahul,Kartik Tyagi,8,21,1,262.5,12.5
Rahul,Krunal Pandya,6,5,1,83.33,16.67
Rahul,Marco Jansen,12,27,0,225.0,0.0
Rahul,Mohammed Siraj,12,12,2,100.0,16.67
Rahul,Nandre Burger,9,15,0,166.67,0.0
Rahul,Nitish Reddy,11,23,0,209.09,0.0
Rahul,Prasidh Krishna,8,30,0,375.0,0.0
Rahul,Rashid Khan,9,6,0,66.67,0.0
Rahul,Ravi Bishnoi,9,26,0,288.89,0.0
Rahul,Sunil Narine,12,27,0,225.0,0.0
Rahul,Suyash Sharma,10,21,0,210.0,0.0
Rahul,Tushar Deshpande,6,6,0,100.0,0.0
Rahul,Vijaykumar Vyshak,12,37,0,308.33,0.0
Rahul,Xavier Bartlett,9,18,0,200.0,0.0
Rahul,Yash Raj Punja,15,16,0,106.67,0.0
Rahul,Yuzvendra Chahal,14,23,0,164.29,0.0
Rahul Tewatia,Arshdeep Singh,6,6,0,100.0,0.0
Rahul Tewatia,Bhuvneshwar Kumar,8,16,1,200.0,12.5
Rahul Tewatia,Josh Hazlewood,18,26,0,144.44,0.0
Rahul Tewatia,Nandre Burger,6,4,0,66.67,0.0
Rahul Tewatia,Rasikh Salam Dar,11,13,1,118.18,9.09
Rahul Tewatia,Romario Shepherd,12,24,0,200.0,0.0
Rahul Tewatia,Suyash Sharma,10,18,0,180.0,0.0
Rajat Patidar,Brijesh Sharma,6,8,0,133.33,0.0
Rajat Patidar,Digvesh Singh Rathi,7,24,0,342.86,0.0
Rajat Patidar,Eshan Malinga,14,30,0,214.29,0.0
Rajat Patidar,Harshal Patel,15,29,0,193.33,0.0
Rajat Patidar,Jason Holder,9,16,0,177.78,0.0
Rajat Patidar,Kagiso Rabada,16,23,0,143.75,0.0
Rajat Patidar,Kulwant Khejroliya,6,17,0,283.33,0.0
Rajat Patidar,Mayank Yadav,13,28,0,215.38,0.0
Rajat Patidar,Mohammed Shami,11,18,0,163.64,0.0
Rajat Patidar,Mohammed Siraj,8,20,0,250.0,0.0
Rajat Patidar,Nandre Burger,7,15,0,214.29,0.0
Rajat Patidar,Pat Cummins,6,9,0,150.0,0.0
Rajat Patidar,Prasidh Krishna,12,28,0,233.33,0.0
Rajat Patidar,Prince Yadav,6,10,1,166.67,16.67
Rajat Patidar,Rashid Khan,9,22,1,244.44,11.11
Rajat Patidar,Ravi Bishnoi,10,18,0,180.0,0.0
Rajat Patidar,Sandeep Sharma,9,11,1,122.22,11.11
Ramandeep Singh,Anshul Kamboj,6,7,1,116.67,16.67
Ramandeep Singh,Jamie Overton,11,20,0,181.82,0.0
Ramandeep Singh,Yash Raj Punja,7,2,1,28.57,14.29
Ravindra Jadeja,Bhuvneshwar Kumar,6,4,0,66.67,0.0
Ravindra Jadeja,Digvesh Singh Rathi,6,6,0,100.0,0.0
Ravindra Jadeja,Eshan Malinga,14,20,1,142.86,7.14
Ravindra Jadeja,Jason Holder,9,11,0,122.22,0.0
Ravindra Jadeja,Kagiso Rabada,12,19,0,158.33,0.0
Ravindra Jadeja,Krunal Pandya,8,9,0,112.5,0.0
Ravindra Jadeja,Mayank Yadav,9,25,0,277.78,0.0
Ravindra Jadeja,Mohammed Siraj,7,9,0,128.57,0.0
Ravindra Jadeja,Mohsin Khan,6,6,0,100.0,0.0
Ravindra Jadeja,Natarajan,6,10,0,166.67,0.0
Ravindra Jadeja,Nitish Reddy,6,10,0,166.67,0.0
Ravindra Jadeja,Prasidh Krishna,11,20,0,181.82,0.0
Ravindra Jadeja,Rashid Khan,9,9,1,100.0,11.11
Ravindra Jadeja,Sakib Hussain,9,13,0,144.44,0.0
Ravindra Jadeja,Shardul Thakur,7,11,0,157.14,0.0
Ravindra Jadeja,Shivang Kumar,6,4,0,66.67,0.0
Ravindra Jadeja,Washington Sundar,13,15,0,115.38,0.0
Rinku Singh,Aiden Markram,8,4,0,50.0,0.0
Rinku Singh,Bhuvneshwar Kumar,9,19,1,211.11,11.11
Rinku Singh,Brijesh Sharma,8,15,0,187.5,0.0
Rinku Singh,Digvesh Singh Rathi,14,37,0,264.29,0.0
Rinku Singh,Jasprit Bumrah,10,15,0,150.0,0.0
Rinku Singh,Jofra Archer,6,12,0,200.0,0.0
Rinku Singh,Josh Hazlewood,9,16,0,177.78,0.0
Rinku Singh,Mohammed Shami,14,23,0,164.29,0.0
Rinku Singh,Noor Ahmad,7,2,1,28.57,14.29
Rinku Singh,Prince Yadav,11,17,0,154.55,0.0
Rinku Singh,Ravi Bishnoi,7,7,0,100.0,0.0
Rinku Singh,Shivang Kumar,16,30,1,187.5,6.25
Rishabh Pant,Brijesh Sharma,8,12,0,150.0,0.0
Rishabh Pant,Cameron Green,7,8,1,114.29,14.29
Rishabh Pant,Eshan Malinga,12,13,0,108.33,0.0
Rishabh Pant,Harsh Dubey,6,6,0,100.0,0.0
Rishabh Pant,Harshal Patel,10,7,0,70.0,0.0
Rishabh Pant,Jamie Overton,6,7,1,116.67,16.67
Rishabh Pant,Jaydev Unadkat,11,26,0,236.36,0.0
Rishabh Pant,Josh Hazlewood,8,16,0,200.0,0.0
Rishabh Pant,Kartik Tyagi,10,17,0,170.0,0.0
Rishabh Pant,Mohammed Siraj,6,6,1,100.0,16.67
Rishabh Pant,Mukesh Kumar,7,6,0,85.71,0.0
Rishabh Pant,Noor Ahmad,6,8,0,133.33,0.0
Rishabh Pant,Shivang Kumar,12,16,0,133.33,0.0
Rishabh Pant,Sunil Narine,13,16,1,123.08,7.69
Rishabh Pant,Vaibhav Arora,12,7,0,58.33,0.0
Rishabh Pant,Varun Chakaravarthy,6,5,0,83.33,0.0
Rishabh Pant,Vijaykumar Vyshak,12,14,0,116.67,0.0
Rishabh Pant,Yuzvendra Chahal,24,38,1,158.33,4.17
Riyan Parag,AM Ghazanfar,7,15,2,214.29,28.57
Riyan Parag,Axar Patel,26,42,0,161.54,0.0
Riyan Parag,Kuldeep Yadav,9,12,0,133.33,0.0
Riyan Parag,Kyle Jamieson,12,32,0,266.67,0.0
Riyan Parag,Madhav Tiwari,6,5,0,83.33,0.0
Riyan Parag,Mitchell Starc,6,4,2,66.67,33.33
Riyan Parag,Mohammed Shami,6,4,0,66.67,0.0
Riyan Parag,Mukesh Kumar,6,23,0,383.33,0.0
Riyan Parag,Natarajan,11,23,0,209.09,0.0
Riyan Parag,Praful Hinge,11,6,2,54.55,18.18
Riyan Parag,Sakib Hussain,6,15,0,250.0,0.0
Riyan Parag,Varun Chakaravarthy,9,7,1,77.78,11.11
Riyan Parag,Yuzvendra Chahal,10,20,1,200.0,10.0
Rohit Sharma,Arshdeep Singh,9,2,0,22.22,0.0
Rohit Sharma,Avesh Khan,13,35,0,269.23,0.0
Rohit Sharma,Axar Patel,8,4,1,50.0,12.5
Rohit Sharma,Bhuvneshwar Kumar,7,8,1,114.29,14.29
Rohit Sharma,Blessing Muzarabani,7,13,0,185.71,0.0
Rohit Sharma,Jofra Archer,6,2,1,33.33,16.67
Rohit Sharma,Josh Hazlewood,6,16,0,266.67,0.0
Rohit Sharma,Kartik Tyagi,9,22,0,244.44,0.0
Rohit Sharma,Lungi Ngidi,9,17,0,188.89,0.0
Rohit Sharma,Manimaran Siddharth,8,17,1,212.5,12.5
Rohit Sharma,Mohammed Shami,10,19,0,190.0,0.0
Rohit Sharma,Prince Yadav,8,8,0,100.0,0.0
Rohit Sharma,Saurabh Dubey,10,7,1,70.0,10.0
Rohit Sharma,Vaibhav Arora,8,18,1,225.0,12.5
Rohit Sharma,Varun Chakaravarthy,11,23,0,209.09,0.0
Rohit Sharma,Yuzvendra Chahal,6,3,1,50.0,16.67
Romario Shepherd,Digvesh Singh Rathi,6,8,0,133.33,0.0
Romario Shepherd,Rashid Khan,8,15,0,187.5,0.0
Rovman Powell,AM Ghazanfar,8,11,1,137.5,12.5
Rovman Powell,Ashok Sharma,6,10,1,166.67,16.67
Rovman Powell,Avesh Khan,7,8,0,114.29,0.0
Rovman Powell,Hardik Pandya,6,1,0,16.67,0.0
Rovman Powell,Jamie Overton,7,10,0,142.86,0.0
Rovman Powell,Kuldeep Yadav,11,13,0,118.18,0.0
Rovman Powell,Prasidh Krishna,7,10,0,142.86,0.0
Rovman Powell,Prince Yadav,7,16,0,228.57,0.0
Rovman Powell,Raghu Sharma,7,15,0,214.29,0.0
Rovman Powell,Ravindra Jadeja,7,3,1,42.86,14.29
Rovman Powell,Yash Raj Punja,10,18,0,180.0,0.0
Ruturaj Gaikwad,AM Ghazanfar,15,22,1,146.67,6.67
Ruturaj Gaikwad,Akash Singh,7,11,1,157.14,14.29
Ruturaj Gaikwad,Arshad Khan,12,17,0,141.67,0.0
Ruturaj Gaikwad,Auqib Nabi,6,3,0,50.0,0.0
Ruturaj Gaikwad,Avesh Khan,6,9,0,150.0,0.0
Ruturaj Gaikwad,Axar Patel,8,5,1,62.5,12.5
Ruturaj Gaikwad,Eshan Malinga,8,5,1,62.5,12.5
Ruturaj Gaikwad,Hardik Pandya,12,22,0,183.33,0.0
Ruturaj Gaikwad,Jason Holder,13,11,0,84.62,0.0
Ruturaj Gaikwad,Jasprit Bumrah,8,6,0,75.0,0.0
Ruturaj Gaikwad,Jofra Archer,7,5,1,71.43,14.29
Ruturaj Gaikwad,Manav Suthar,14,18,0,128.57,0.0
Ruturaj Gaikwad,Mitchell Starc,6,6,0,100.0,0.0
Ruturaj Gaikwad,Mohammed Shami,10,16,0,160.0,0.0
Ruturaj Gaikwad,Mohammed Siraj,20,37,1,185.0,5.0
Ruturaj Gaikwad,Praful Hinge,6,9,0,150.0,0.0
Ruturaj Gaikwad,Raghu Sharma,12,14,0,116.67,0.0
Ruturaj Gaikwad,Shahbaz Ahmed,7,8,1,114.29,14.29
Ruturaj Gaikwad,Shivang Kumar,6,5,0,83.33,0.0
Ruturaj Gaikwad,Trent Boult,12,23,0,191.67,0.0
Ruturaj Gaikwad,Yuzvendra Chahal,7,7,1,100.0,14.29
Ryan Rickelton,Anukul Roy,9,13,0,144.44,0.0
Ryan Rickelton,Arshdeep Singh,10,7,1,70.0,10.0
Ryan Rickelton,Bhuvneshwar Kumar,7,10,1,142.86,14.29
Ryan Rickelton,Blessing Muzarabani,7,12,1,171.43,14.29
Ryan Rickelton,Eshan Malinga,8,6,0,75.0,0.0
Ryan Rickelton,Harsh Dubey,7,22,0,314.29,0.0
Ryan Rickelton,Jacob Duffy,10,21,0,210.0,0.0
Ryan Rickelton,Jofra Archer,6,9,1,150.0,16.67
Ryan Rickelton,Manimaran Siddharth,7,24,0,342.86,0.0
Ryan Rickelton,Marco Jansen,7,16,0,228.57,0.0
Ryan Rickelton,Mohammed Shami,6,16,0,266.67,0.0
Ryan Rickelton,Mohsin Khan,12,31,1,258.33,8.33
Ryan Rickelton,Mukesh Choudhary,11,16,0,145.45,0.0
Ryan Rickelton,Mukesh Kumar,9,8,2,88.89,22.22
Ryan Rickelton,Nitish Reddy,8,24,0,300.0,0.0
Ryan Rickelton,Pat Cummins,13,20,0,153.85,0.0
Ryan Rickelton,Praful Hinge,10,27,0,270.0,0.0
Ryan Rickelton,Prashant Veer,6,18,0,300.0,0.0
Ryan Rickelton,Sakib Hussain,9,24,0,266.67,0.0
Ryan Rickelton,Sunil Narine,9,20,0,222.22,0.0
Ryan Rickelton,Vaibhav Arora,9,18,0,200.0,0.0
Ryan Rickelton,Varun Chakaravarthy,10,18,0,180.0,0.0
Ryan Rickelton,Xavier Bartlett,9,18,0,200.0,0.0
Sahil Parakh,Sunil Narine,8,12,1,150.0,12.5
Sahil Parakh,Varun Chakaravarthy,8,11,0,137.5,0.0
Sai Sudharsan,Akeal Hosein,9,24,1,266.67,11.11
Sai Sudharsan,Anshul Kamboj,22,42,1,190.91,4.55
Sai Sudharsan,Arshdeep Singh,13,19,0,146.15,0.0
Sai Sudharsan,Bhuvneshwar Kumar,26,30,2,115.38,7.69
Sai Sudharsan,Brijesh Sharma,14,22,1,157.14,7.14
Sai Sudharsan,Eshan Malinga,11,22,0,200.0,0.0
Sai Sudharsan,Gurjapneet Singh,26,48,0,184.62,0.0
Sai Sudharsan,Jacob Duffy,12,22,2,183.33,16.67
Sai Sudharsan,Jofra Archer,18,33,0,183.33,0.0
Sai Sudharsan,Josh Hazlewood,15,17,1,113.33,6.67
Sai Sudharsan,Kartik Tyagi,14,32,0,228.57,0.0
Sai Sudharsan,Krunal Pandya,10,19,0,190.0,0.0
Sai Sudharsan,Marco Jansen,13,11,1,84.62,7.69
Sai Sudharsan,Mohammed Shami,9,9,0,100.0,0.0
Sai Sudharsan,Mukesh Choudhary,9,8,0,88.89,0.0
Sai Sudharsan,Nandre Burger,13,22,0,169.23,0.0
Sai Sudharsan,Nitish Reddy,8,6,0,75.0,0.0
Sai Sudharsan,Noor Ahmad,18,25,0,138.89,0.0
Sai Sudharsan,Pat Cummins,9,8,0,88.89,0.0
Sai Sudharsan,Rasikh Salam Dar,11,18,0,163.64,0.0
Sai Sudharsan,Ravindra Jadeja,17,31,0,182.35,0.0
Sai Sudharsan,Sakib Hussain,10,15,1,150.0,10.0
Sai Sudharsan,Sandeep Sharma,6,8,0,133.33,0.0
Sai Sudharsan,Saurabh Dubey,10,11,0,110.0,0.0
Sai Sudharsan,Spencer Johnson,7,9,0,128.57,0.0
Sai Sudharsan,Sunil Narine,9,8,1,88.89,11.11
Sai Sudharsan,Suyash Sharma,8,15,0,187.5,0.0
Sai Sudharsan,Tushar Deshpande,22,32,0,145.45,0.0
Sai Sudharsan,Vijaykumar Vyshak,11,13,1,118.18,9.09
Sai Sudharsan,Xavier Bartlett,7,12,0,171.43,0.0
Sai Sudharsan,Yash Raj Punja,14,26,1,185.71,7.14
Salil Arora,Brijesh Sharma,6,17,0,283.33,0.0
Salil Arora,Jason Holder,6,9,0,150.0,0.0
Salil Arora,Nandre Burger,7,12,0,171.43,0.0
Salil Arora,Ravindra Jadeja,9,10,1,111.11,11.11
Sameer Rizvi,Anrich Nortje,11,13,0,118.18,0.0
Sameer Rizvi,Anshul Kamboj,10,24,0,240.0,0.0
Sameer Rizvi,Corbin Bosch,12,31,1,258.33,8.33
Sameer Rizvi,Deepak Chahar,7,13,0,185.71,0.0
Sameer Rizvi,Jamie Overton,7,3,1,42.86,14.29
Sameer Rizvi,Jasprit Bumrah,8,3,0,37.5,0.0
Sameer Rizvi,Mayank Markande,9,16,0,177.78,0.0
Sameer Rizvi,Mitchell Santner,9,11,0,122.22,0.0
Sameer Rizvi,Mohammed Shami,6,6,0,100.0,0.0
Sameer Rizvi,Mohsin Khan,14,13,0,92.86,0.0
Sameer Rizvi,Mukesh Choudhary,7,10,0,142.86,0.0
Sameer Rizvi,Sakib Hussain,9,7,0,77.78,0.0
Sameer Rizvi,Shardul Thakur,6,16,0,266.67,0.0
Sanju Samson,AM Ghazanfar,8,13,0,162.5,0.0
Sanju Samson,Akash Singh,7,4,1,57.14,14.29
Sanju Samson,Ashwani Kumar,9,14,0,155.56,0.0
Sanju Samson,Auqib Nabi,6,13,0,216.67,0.0
Sanju Samson,Axar Patel,21,33,0,157.14,0.0
Sanju Samson,Hardik Pandya,6,18,0,300.0,0.0
Sanju Samson,Jasprit Bumrah,18,25,1,138.89,5.56
Sanju Samson,Kagiso Rabada,9,10,1,111.11,11.11
Sanju Samson,Krish Bhagat,12,31,0,258.33,0.0
Sanju Samson,Kuldeep Yadav,15,35,0,233.33,0.0
Sanju Samson,Lungi Ngidi,20,26,0,130.0,0.0
Sanju Samson,Mitchell Santner,6,5,0,83.33,0.0
Sanju Samson,Mitchell Starc,12,13,0,108.33,0.0
Sanju Samson,Mohammed Shami,18,26,0,144.44,0.0
Sanju Samson,Mohammed Siraj,7,1,1,14.29,14.29
Sanju Samson,Mukesh Kumar,12,20,0,166.67,0.0
Sanju Samson,Natarajan,21,60,0,285.71,0.0
Sanju Samson,Nitish Reddy,7,15,1,214.29,14.29
Sanju Samson,Praful Hinge,7,19,0,271.43,0.0
Sanju Samson,Sunil Narine,7,4,0,57.14,0.0
Sanju Samson,Varun Chakaravarthy,7,8,0,114.29,0.0
Sarfaraz Khan,Abhinandan Singh,6,13,0,216.67,0.0
Sarfaraz Khan,Bhuvneshwar Kumar,10,18,0,180.0,0.0
Sarfaraz Khan,Eshan Malinga,6,4,1,66.67,16.67
Sarfaraz Khan,Jacob Duffy,8,19,0,237.5,0.0
Sarfaraz Khan,Shivang Kumar,8,13,0,162.5,0.0
Sarfaraz Khan,Sunil Narine,6,1,1,16.67,16.67
Shahbaz Ahmed,Anshul Kamboj,7,11,0,157.14,0.0
Shahbaz Ahmed,Jamie Overton,7,17,0,242.86,0.0
Shahbaz Ahmed,Lungi Ngidi,6,7,0,116.67,0.0
Shahbaz Ahmed,Mukesh Choudhary,7,9,0,128.57,0.0
Shahrukh Khan,Mitchell Santner,6,9,0,150.0,0.0
Shashank Singh,Bhuvneshwar Kumar,7,18,0,257.14,0.0
Shashank Singh,Krunal Pandya,6,12,0,200.0,0.0
Shashank Singh,Suyash Sharma,6,19,0,316.67,0.0
Sherfane Rutherford,Azmatullah Omarzai,7,5,1,71.43,14.29
Sherfane Rutherford,Bhuvneshwar Kumar,7,10,0,142.86,0.0
Sherfane Rutherford,Jacob Duffy,7,19,0,271.43,0.0
Sherfane Rutherford,Romario Shepherd,8,25,0,312.5,0.0
Sherfane Rutherford,Yuzvendra Chahal,9,11,0,122.22,0.0
Shimron Hetmyer,Kagiso Rabada,7,6,1,85.71,14.29
Shimron Hetmyer,Mayank Yadav,9,17,0,188.89,0.0
Shivam Dube,Abhinandan Singh,7,6,1,85.71,14.29
Shivam Dube,Arshad Khan,9,16,1,177.78,11.11
Shivam Dube,Arshdeep Singh,7,14,0,200.0,0.0
Shivam Dube,Eshan Malinga,9,16,0,177.78,0.0
Shivam Dube,Jason Holder,18,35,0,194.44,0.0
Shivam Dube,Krunal Pandya,6,12,0,200.0,0.0
Shivam Dube,Marco Jansen,6,13,0,216.67,0.0
Shivam Dube,Pat Cummins,6,0,0,0.0,0.0
Shivam Dube,Prince Yadav,8,23,0,287.5,0.0
Shivam Dube,Sakib Hussain,12,13,2,108.33,16.67
Shivam Dube,Xavier Bartlett,9,14,0,155.56,0.0
Shivang Kumar,Sushant Mishra,6,2,1,33.33,16.67
Shreyas Iyer,AM Ghazanfar,10,16,0,160.0,0.0
Shreyas Iyer,Anshul Kamboj,8,9,1,112.5,12.5
Shreyas Iyer,Arjun Tendulkar,13,20,0,153.85,0.0
Shreyas Iyer,Ashok Sharma,6,13,0,216.67,0.0
Shreyas Iyer,Axar Patel,7,3,0,42.86,0.0
Shreyas Iyer,Brijesh Sharma,6,7,0,116.67,0.0
Shreyas Iyer,Digvesh Singh Rathi,9,19,0,211.11,0.0
Shreyas Iyer,Eshan Malinga,6,16,1,266.67,16.67
Shreyas Iyer,Harsh Dubey,6,8,0,133.33,0.0
Shreyas Iyer,Jasprit Bumrah,10,23,0,230.0,0.0
Shreyas Iyer,Kuldeep Yadav,12,34,0,283.33,0.0
Shreyas Iyer,Lungi Ngidi,8,11,0,137.5,0.0
Shreyas Iyer,Madhav Tiwari,13,26,0,200.0,0.0
Shreyas Iyer,Matt Henry,6,15,0,250.0,0.0
Shreyas Iyer,Mohammed Shami,13,32,0,246.15,0.0
Shreyas Iyer,Mohammed Siraj,11,14,0,127.27,0.0
Shreyas Iyer,Mohsin Khan,12,19,1,158.33,8.33
Shreyas Iyer,Mukesh Kumar,10,11,0,110.0,0.0
Shreyas Iyer,Natarajan,8,19,0,237.5,0.0
Shreyas Iyer,Nitish Reddy,11,21,0,190.91,0.0
Shreyas Iyer,Prince Yadav,6,12,0,200.0,0.0
Shreyas Iyer,Rahul Chahar,10,23,0,230.0,0.0
Shreyas Iyer,Ravindra Jadeja,10,10,0,100.0,0.0
Shreyas Iyer,Shardul Thakur,10,25,2,250.0,20.0
Shreyas Iyer,Vipraj Nigam,6,13,0,216.67,0.0
Shreyas Iyer,Yash Raj Punja,8,11,0,137.5,0.0
Shubham Dubey,Rashid Khan,9,13,1,144.44,11.11
Shubman Gill,Anshul Kamboj,14,19,0,135.71,0.0
Shubman Gill,Anukul Roy,13,35,0,269.23,0.0
Shubman Gill,Arshdeep Singh,8,12,1,150.0,12.5
Shubman Gill,Axar Patel,6,8,0,133.33,0.0
Shubman Gill,Bhuvneshwar Kumar,20,19,2,95.0,10.0
Shubman Gill,Brijesh Sharma,17,34,1,200.0,5.88
Shubman Gill,Cameron Green,7,10,0,142.86,0.0
Shubman Gill,Digvesh Singh Rathi,11,10,0,90.91,0.0
Shubman Gill,George Linde,6,12,0,200.0,0.0
Shubman Gill,Gurjapneet Singh,9,5,0,55.56,0.0
Shubman Gill,Jasprit Bumrah,7,9,0,128.57,0.0
Shubman Gill,Jofra Archer,23,40,1,173.91,4.35
Shubman Gill,Josh Hazlewood,11,34,1,309.09,9.09
Shubman Gill,Kartik Tyagi,10,18,0,180.0,0.0
Shubman Gill,Krunal Pandya,8,12,0,150.0,0.0
Shubman Gill,Kuldeep Yadav,14,31,0,221.43,0.0
Shubman Gill,Lungi Ngidi,8,7,1,87.5,12.5
Shubman Gill,Mohammed Shami,9,21,0,233.33,0.0
Shubman Gill,Mukesh Choudhary,6,8,0,133.33,0.0
Shubman Gill,Nandre Burger,10,13,0,130.0,0.0
Shubman Gill,Natarajan,11,12,0,109.09,0.0
Shubman Gill,Noor Ahmad,10,17,0,170.0,0.0
Shubman Gill,Prince Yadav,9,9,1,100.0,11.11
Shubman Gill,Rasikh Salam Dar,7,10,0,142.86,0.0
Shubman Gill,Ravindra Jadeja,19,43,0,226.32,0.0
Shubman Gill,Spencer Johnson,9,18,1,200.0,11.11
Shubman Gill,Sunil Narine,23,27,1,117.39,4.35
Shubman Gill,Tushar Deshpande,8,22,0,275.0,0.0
Shubman Gill,Vaibhav Arora,13,23,1,176.92,7.69
Shubman Gill,Varun Chakaravarthy,27,51,0,188.89,0.0
Shubman Gill,Vijaykumar Vyshak,7,8,0,114.29,0.0
Shubman Gill,Xavier Bartlett,8,15,0,187.5,0.0
Shubman Gill,Yash Raj Punja,17,31,0,182.35,0.0
Shubman Gill,Yuzvendra Chahal,6,7,1,116.67,16.67
Smaran Ravichandran,Kagiso Rabada,6,3,1,50.0,16.67
Smaran Ravichandran,Mohammed Siraj,9,6,0,66.67,0.0
Sunil Narine,Anshul Kamboj,8,11,0,137.5,0.0
Sunil Narine,Khaleel Ahmed,9,13,1,144.44,11.11
Suryakumar Yadav,Anshul Kamboj,7,1,0,14.29,0.0
Suryakumar Yadav,Axar Patel,11,13,0,118.18,0.0
Suryakumar Yadav,Brijesh Sharma,7,9,0,128.57,0.0
Suryakumar Yadav,Jofra Archer,7,7,0,100.0,0.0
Suryakumar Yadav,Kagiso Rabada,7,12,1,171.43,14.29
Suryakumar Yadav,Krunal Pandya,9,12,1,133.33,11.11
Suryakumar Yadav,Kuldeep Yadav,10,14,0,140.0,0.0
Suryakumar Yadav,Mukesh Choudhary,10,19,0,190.0,0.0
Suryakumar Yadav,Nandre Burger,10,19,2,190.0,20.0
Suryakumar Yadav,Noor Ahmad,13,25,0,192.31,0.0
Suryakumar Yadav,Ravindra Jadeja,8,17,0,212.5,0.0
Suryakumar Yadav,Suyash Sharma,8,16,0,200.0,0.0
Suryakumar Yadav,Vipraj Nigam,9,14,0,155.56,0.0
Suryakumar Yadav,Yash Raj Punja,11,11,0,100.0,0.0
Suryansh Shedge,Arshad Khan,9,14,0,155.56,0.0
Suryansh Shedge,Rashid Khan,6,6,0,100.0,0.0
Suryansh Shedge,Shivang Kumar,9,20,0,222.22,0.0
Suryansh Shedge,Suyash Sharma,9,15,1,166.67,11.11
Tilak Varma,Arshdeep Singh,8,11,0,137.5,0.0
Tilak Varma,Ashok Sharma,9,28,0,311.11,0.0
Tilak Varma,Bhuvneshwar Kumar,8,8,1,100.0,12.5
Tilak Varma,Jamie Overton,10,15,0,150.0,0.0
Tilak Varma,Kartik Tyagi,12,12,1,100.0,8.33
Tilak Varma,Krunal Pandya,11,18,0,163.64,0.0
Tilak Varma,Marco Jansen,8,24,0,300.0,0.0
Tilak Varma,Mukesh Choudhary,9,9,0,100.0,0.0
Tilak Varma,Noor Ahmad,7,9,1,128.57,14.29
Tilak Varma,Prasidh Krishna,16,43,0,268.75,0.0
Tilak Varma,Rashid Khan,13,20,0,153.85,0.0
Tilak Varma,Rasikh Salam Dar,7,14,0,200.0,0.0
Tilak Varma,Romario Shepherd,7,4,0,57.14,0.0
Tilak Varma,Sunil Narine,16,10,1,62.5,6.25
Tilak Varma,Suyash Sharma,9,12,1,133.33,11.11
Tilak Varma,Varun Chakaravarthy,10,6,0,60.0,0.0
Tilak Varma,Xavier Bartlett,8,20,0,250.0,0.0
Tilak Varma,Yuzvendra Chahal,7,16,0,228.57,0.0
Tim David,Anshul Kamboj,9,18,0,200.0,0.0
Tim David,Arshdeep Singh,7,19,1,271.43,14.29
Tim David,David Payne,7,13,0,185.71,0.0
Tim David,Digvesh Singh Rathi,8,18,0,225.0,0.0
Tim David,Jamie Overton,10,31,0,310.0,0.0
Tim David,Jason Holder,7,13,0,185.71,0.0
Tim David,Jasprit Bumrah,7,13,0,185.71,0.0
Tim David,Kagiso Rabada,7,9,0,128.57,0.0
Tim David,Mayank Yadav,6,17,0,283.33,0.0
Tim David,Rashid Khan,12,15,1,125.0,8.33
Tim David,Shahbaz Ahmed,7,16,1,228.57,14.29
Tim Seifert,Kagiso Rabada,8,13,1,162.5,12.5
Tim Seifert,Mohammed Siraj,6,6,0,100.0,0.0
Travis Head,Arshdeep Singh,11,19,0,172.73,0.0
Travis Head,Axar Patel,6,11,1,183.33,16.67
Travis Head,Bhuvneshwar Kumar,8,13,0,162.5,0.0
Travis Head,Hardik Pandya,6,10,1,166.67,16.67
Travis Head,Jacob Duffy,6,5,1,83.33,16.67
Travis Head,Jofra Archer,9,10,2,111.11,22.22
Travis Head,Kartik Tyagi,8,12,1,150.0,12.5
Travis Head,Marco Jansen,11,25,0,227.27,0.0
Travis Head,Matthew Short,8,4,0,50.0,0.0
Travis Head,Mukesh Choudhary,10,14,2,140.0,20.0
Travis Head,Mukesh Kumar,8,13,0,162.5,0.0
Travis Head,Nandre Burger,14,22,0,157.14,0.0
Travis Head,Nitish Rana,6,7,0,116.67,0.0
Travis Head,Rasikh Salam Dar,6,12,1,200.0,16.67
Travis Head,Sunil Narine,9,13,0,144.44,0.0
Travis Head,Trent Boult,8,19,0,237.5,0.0
Travis Head,Vaibhav Arora,19,43,0,226.32,0.0
Travis Head,Varun Chakaravarthy,6,17,1,283.33,16.67
Travis Head,Xavier Bartlett,6,14,0,233.33,0.0
Travis Head,Yuzvendra Chahal,6,5,1,83.33,16.67
Tristan Stubbs,Anrich Nortje,13,19,0,146.15,0.0
Tristan Stubbs,Anshul Kamboj,6,10,0,166.67,0.0
Tristan Stubbs,Arshdeep Singh,8,2,0,25.0,0.0
Tristan Stubbs,Bhuvneshwar Kumar,9,17,1,188.89,11.11
Tristan Stubbs,Eshan Malinga,7,11,1,157.14,14.29
Tristan Stubbs,Gurjapneet Singh,25,48,0,192.0,0.0
Tristan Stubbs,Jamie Overton,10,5,2,50.0,20.0
Tristan Stubbs,Jofra Archer,6,8,1,133.33,16.67
Tristan Stubbs,Josh Hazlewood,8,8,0,100.0,0.0
Tristan Stubbs,Krunal Pandya,11,10,0,90.91,0.0
Tristan Stubbs,Mohammed Shami,6,8,0,133.33,0.0
Tristan Stubbs,Mohsin Khan,7,5,0,71.43,0.0
Tristan Stubbs,Noor Ahmad,14,15,0,107.14,0.0
Tristan Stubbs,Rasikh Salam Dar,14,20,0,142.86,0.0
Tristan Stubbs,Suyash Sharma,7,9,0,128.57,0.0
Tushar Deshpande,Eshan Malinga,6,9,1,150.0,16.67
Urvil Patel,Digvesh Singh Rathi,6,24,0,400.0,0.0
Urvil Patel,Jasprit Bumrah,6,7,0,116.67,0.0
Urvil Patel,Prince Yadav,8,5,0,62.5,0.0
Vaibhav Sooryavanshi,Akash Singh,6,24,0,400.0,0.0
Vaibhav Sooryavanshi,Arshdeep Singh,7,20,1,285.71,14.29
Vaibhav Sooryavanshi,Bhuvneshwar Kumar,9,24,0,266.67,0.0
Vaibhav Sooryavanshi,Digvesh Singh Rathi,8,18,0,225.0,0.0
Vaibhav Sooryavanshi,Eshan Malinga,13,25,0,192.31,0.0
Vaibhav Sooryavanshi,Jason Holder,9,18,0,200.0,0.0
Vaibhav Sooryavanshi,Kagiso Rabada,23,43,1,186.96,4.35
Vaibhav Sooryavanshi,Kartik Tyagi,9,15,0,166.67,0.0
Vaibhav Sooryavanshi,Matt Henry,6,19,0,316.67,0.0
Vaibhav Sooryavanshi,Mayank Yadav,10,22,0,220.0,0.0
Vaibhav Sooryavanshi,Mohammed Siraj,29,60,1,206.9,3.45
Vaibhav Sooryavanshi,Mohsin Khan,12,2,2,16.67,16.67
Vaibhav Sooryavanshi,Pat Cummins,12,38,0,316.67,0.0
Vaibhav Sooryavanshi,Praful Hinge,17,57,2,335.29,11.76
Vaibhav Sooryavanshi,Prasidh Krishna,8,8,0,100.0,0.0
Vaibhav Sooryavanshi,Prince Yadav,13,35,0,269.23,0.0
Vaibhav Sooryavanshi,Sakib Hussain,19,59,1,310.53,5.26
Vaibhav Sooryavanshi,Shivang Kumar,6,21,0,350.0,0.0
Vaibhav Sooryavanshi,Sunil Narine,8,7,0,87.5,0.0
Vaibhav Sooryavanshi,Tripurana Vijay,9,21,0,233.33,0.0
Vaibhav Sooryavanshi,Vaibhav Arora,6,15,0,250.0,0.0
Vaibhav Sooryavanshi,Washington Sundar,6,16,0,266.67,0.0
Venkatesh Iyer,Azmatullah Omarzai,8,11,0,137.5,0.0
Venkatesh Iyer,Eshan Malinga,6,4,1,66.67,16.67
Venkatesh Iyer,Harpreet Brar,8,13,0,162.5,0.0
Venkatesh Iyer,Jason Holder,6,3,0,50.0,0.0
Venkatesh Iyer,Kagiso Rabada,9,24,1,266.67,11.11
Venkatesh Iyer,Lockie Ferguson,9,23,0,255.56,0.0
Venkatesh Iyer,Mohammed Siraj,17,34,1,200.0,5.88
Venkatesh Iyer,Pat Cummins,7,18,0,257.14,0.0
Venkatesh Iyer,Sandeep Sharma,9,23,0,255.56,0.0
Venkatesh Iyer,Shivang Kumar,6,22,0,366.67,0.0
Venkatesh Iyer,Yuzvendra Chahal,8,18,0,225.0,0.0
Virat Kohli,Anukul Roy,13,22,0,169.23,0.0
Virat Kohli,Arshad Khan,14,23,0,164.29,0.0
Virat Kohli,Arshdeep Singh,7,8,0,114.29,0.0
Virat Kohli,Auqib Nabi,6,9,0,150.0,0.0
Virat Kohli,Avesh Khan,7,6,1,85.71,14.29
Virat Kohli,Azmatullah Omarzai,7,12,0,171.43,0.0
Virat Kohli,Cameron Green,8,14,0,175.0,0.0
Virat Kohli,Digvesh Singh Rathi,8,11,0,137.5,0.0
Virat Kohli,Dushmantha Chameera,6,6,0,100.0,0.0
Virat Kohli,Eshan Malinga,8,13,0,162.5,0.0
Virat Kohli,Hardik Pandya,6,3,1,50.0,16.67
Virat Kohli,Harsh Dubey,8,10,0,125.0,0.0
Virat Kohli,Harshal Patel,10,27,1,270.0,10.0
Virat Kohli,Jason Holder,23,39,2,169.57,8.7
Virat Kohli,Jasprit Bumrah,7,9,0,128.57,0.0
Virat Kohli,Jaydev Unadkat,10,18,0,180.0,0.0
Virat Kohli,Jofra Archer,6,17,0,283.33,0.0
Virat Kohli,Kagiso Rabada,37,88,1,237.84,2.7
Virat Kohli,Kartik Tyagi,9,18,0,200.0,0.0
Virat Kohli,Khaleel Ahmed,7,5,0,71.43,0.0
Virat Kohli,Matt Henry,8,19,0,237.5,0.0
Virat Kohli,Mitchell Santner,9,11,0,122.22,0.0
Virat Kohli,Mohammed Shami,8,12,0,150.0,0.0
Virat Kohli,Mohammed Siraj,21,32,0,152.38,0.0
Virat Kohli,Mukesh Kumar,6,10,0,166.67,0.0
Virat Kohli,Prasidh Krishna,8,14,0,175.0,0.0
Virat Kohli,Prince Yadav,9,17,1,188.89,11.11
Virat Kohli,Rashid Khan,21,31,0,147.62,0.0
Virat Kohli,Shardul Thakur,7,11,0,157.14,0.0
Virat Kohli,Shashank Singh,6,12,0,200.0,0.0
Virat Kohli,Sunil Narine,12,13,0,108.33,0.0
Virat Kohli,Trent Boult,7,14,0,200.0,0.0
Virat Kohli,Vaibhav Arora,16,36,0,225.0,0.0
Virat Kohli,Yuzvendra Chahal,7,9,1,128.57,14.29
Washington Sundar,Arshdeep Singh,12,12,0,100.0,0.0
Washington Sundar,Bhuvneshwar Kumar,13,16,0,123.08,0.0
Washington Sundar,Brijesh Sharma,7,12,0,171.43,0.0
Washington Sundar,Eshan Malinga,9,20,0,222.22,0.0
Washington Sundar,Jacob Duffy,12,14,1,116.67,8.33
Washington Sundar,Jofra Archer,7,19,0,271.43,0.0
Washington Sundar,Josh Hazlewood,16,30,0,187.5,0.0
Washington Sundar,Krunal Pandya,8,6,0,75.0,0.0
Washington Sundar,Kuldeep Yadav,8,10,0,125.0,0.0
Washington Sundar,Marco Jansen,8,15,0,187.5,0.0
Washington Sundar,Natarajan,11,20,0,181.82,0.0
Washington Sundar,Pat Cummins,8,10,0,125.0,0.0
Washington Sundar,Rasikh Salam Dar,9,12,0,133.33,0.0
Washington Sundar,Romario Shepherd,6,7,1,116.67,16.67
Washington Sundar,Sakib Hussain,6,7,1,116.67,16.67
Washington Sundar,Shivang Kumar,7,8,0,114.29,0.0
Washington Sundar,Tushar Deshpande,8,13,0,162.5,0.0
Washington Sundar,Xavier Bartlett,9,12,0,133.33,0.0
Will Jacks,Brijesh Sharma,8,11,0,137.5,0.0
Will Jacks,Harsh Dubey,9,24,0,266.67,0.0
Will Jacks,Yash Raj Punja,6,15,1,250.0,16.67
Yashasvi Jaiswal,Akash Singh,9,20,1,222.22,11.11
Yashasvi Jaiswal,Anshul Kamboj,7,3,0,42.86,0.0
Yashasvi Jaiswal,Cameron Green,9,15,0,166.67,0.0
Yashasvi Jaiswal,Deepak Chahar,16,41,0,256.25,0.0
Yashasvi Jaiswal,Eshan Malinga,9,15,1,166.67,11.11
Yashasvi Jaiswal,Hardik Pandya,7,8,0,114.29,0.0
Yashasvi Jaiswal,Harpreet Brar,11,13,0,118.18,0.0
Yashasvi Jaiswal,Jasprit Bumrah,6,10,0,166.67,0.0
Yashasvi Jaiswal,Josh Hazlewood,6,12,1,200.0,16.67
Yashasvi Jaiswal,Kagiso Rabada,10,13,2,130.0,20.0
Yashasvi Jaiswal,Khaleel Ahmed,10,7,0,70.0,0.0
Yashasvi Jaiswal,Matt Henry,10,19,0,190.0,0.0
Yashasvi Jaiswal,Mitchell Starc,9,18,1,200.0,11.11
Yashasvi Jaiswal,Mohammed Shami,11,17,1,154.55,9.09
Yashasvi Jaiswal,Mohammed Siraj,14,21,1,150.0,7.14
Yashasvi Jaiswal,Mohsin Khan,8,20,0,250.0,0.0
Yashasvi Jaiswal,Noor Ahmad,6,3,0,50.0,0.0
Yashasvi Jaiswal,Pat Cummins,9,8,0,88.89,0.0
Yashasvi Jaiswal,Praful Hinge,8,8,0,100.0,0.0
Yashasvi Jaiswal,Prasidh Krishna,8,16,0,200.0,0.0
Yashasvi Jaiswal,Rashid Khan,6,7,0,116.67,0.0
Yashasvi Jaiswal,Sakib Hussain,7,5,1,71.43,14.29
Yashasvi Jaiswal,Vaibhav Arora,6,6,0,100.0,0.0
Yashasvi Jaiswal,Will Jacks,7,8,1,114.29,14.29
Yashasvi Jaiswal,Yuzvendra Chahal,6,8,1,133.33,16.67
